{"cameraMode":{"drawMode":0,"name":"Shaded","section":"Shading Mode"},"sceneLighting":true,"audioPlay":false,"sceneViewState":{"showFog":true,"showMaterialUpdate":false,"showSkybox":true,"showFlares":true,"showImageEffects":true,"showParticleSystems":true},"in2DMode":false,"pivot":{"x":129.9996795654297,"y":90.40785217285156,"z":-91.06858825683594},"rotation":{"x":0.199363112449646,"y":0.5583532452583313,"z":-0.14037853479385377,"w":0.7929627895355225},"size":244.76171875,"orthographic":false}