{"cameraMode":{"drawMode":0,"name":"Shaded","section":"Shading Mode"},"sceneLighting":false,"audioPlay":false,"sceneViewState":{"showFog":true,"showMaterialUpdate":false,"showSkybox":true,"showFlares":true,"showImageEffects":true,"showParticleSystems":true},"in2DMode":false,"pivot":{"x":-1.1920928955078126e-7,"y":5.960464477539063e-8,"z":0.0},"rotation":{"x":-0.025761939585208894,"y":0.9742051959037781,"z":-0.1625288724899292,"w":-0.15441833436489106},"size":8.021650314331055,"orthographic":false}