{"cameraMode":{"drawMode":0,"name":"Shaded","section":"Shading Mode"},"sceneLighting":true,"audioPlay":false,"sceneViewState":{"showFog":true,"showMaterialUpdate":false,"showSkybox":true,"showFlares":true,"showImageEffects":true,"showParticleSystems":true},"in2DMode":false,"pivot":{"x":-40.42961120605469,"y":60.243629455566409,"z":149.7584228515625},"rotation":{"x":0.023566925898194314,"y":0.2449047714471817,"z":-0.005954734515398741,"w":0.9692424535751343},"size":473.5285339355469,"orthographic":false}