{"cameraMode":{"drawMode":0,"name":"Shaded","section":"Shading Mode"},"sceneLighting":true,"audioPlay":false,"sceneViewState":{"showFog":true,"showMaterialUpdate":false,"showSkybox":true,"showFlares":true,"showImageEffects":true,"showParticleSystems":true},"in2DMode":false,"pivot":{"x":-1.29986572265625,"y":-155.48187255859376,"z":151.05938720703126},"rotation":{"x":-0.13703519105911256,"y":0.8458293080329895,"z":-0.2605430781841278,"w":-0.44487252831459048},"size":1195.604248046875,"orthographic":false}