{"cameraMode":{"drawMode":0,"name":"Shaded","section":"Shading Mode"},"sceneLighting":true,"audioPlay":false,"sceneViewState":{"showFog":true,"showMaterialUpdate":false,"showSkybox":true,"showFlares":true,"showImageEffects":true,"showParticleSystems":true},"in2DMode":false,"pivot":{"x":441.166748046875,"y":92.0574951171875,"z":385.305419921875},"rotation":{"x":-0.027299147099256517,"y":-0.971675455570221,"z":0.14179037511348725,"w":-0.18707528710365296},"size":480.96502685546877,"orthographic":false}