{"cameraMode":{"drawMode":0,"name":"Shaded","section":"Shading Mode"},"sceneLighting":true,"audioPlay":false,"sceneViewState":{"showFog":true,"showMaterialUpdate":false,"showSkybox":true,"showFlares":true,"showImageEffects":true,"showParticleSystems":true},"in2DMode":false,"pivot":{"x":41.317779541015628,"y":-115.10536193847656,"z":370.13787841796877},"rotation":{"x":0.1830206662416458,"y":0.7337045669555664,"z":-0.21759818494319917,"w":0.6171159744262695},"size":388.0953369140625,"orthographic":false}