{"cameraMode":{"drawMode":0,"name":"Shaded","section":"Shading Mode"},"sceneLighting":false,"audioPlay":false,"sceneViewState":{"showFog":true,"showMaterialUpdate":false,"showSkybox":true,"showFlares":true,"showImageEffects":true,"showParticleSystems":true},"in2DMode":false,"pivot":{"x":-0.5340983867645264,"y":0.03890275955200195,"z":-0.1344071626663208},"rotation":{"x":-0.02089281566441059,"y":0.9188472628593445,"z":-0.39098891615867617,"w":-0.04910187050700188},"size":2.400057077407837,"orthographic":false}