{"cameraMode":{"drawMode":0,"name":"Shaded","section":"Shading Mode"},"sceneLighting":true,"audioPlay":false,"sceneViewState":{"showFog":true,"showMaterialUpdate":false,"showSkybox":true,"showFlares":true,"showImageEffects":true,"showParticleSystems":true},"in2DMode":false,"pivot":{"x":285.3009948730469,"y":101.19082641601563,"z":68.3603515625},"rotation":{"x":-0.14477218687534333,"y":0.8474129438400269,"z":-0.41815999150276186,"w":-0.293384850025177},"size":544.1198120117188,"orthographic":false}