{"cameraMode":{"drawMode":0,"name":"Shaded","section":"Shading Mode"},"sceneLighting":true,"audioPlay":false,"sceneViewState":{"showFog":true,"showMaterialUpdate":false,"showSkybox":true,"showFlares":true,"showImageEffects":true,"showParticleSystems":true},"in2DMode":false,"pivot":{"x":535.1024169921875,"y":82.18517303466797,"z":172.2725830078125},"rotation":{"x":-0.01764744520187378,"y":0.0689292922616005,"z":0.0012195149902254344,"w":0.9974647164344788},"size":15.529693603515625,"orthographic":false}