{"cameraMode":{"drawMode":0,"name":"Shaded","section":"Shading Mode"},"sceneLighting":true,"audioPlay":false,"sceneViewState":{"showFog":true,"showMaterialUpdate":false,"showSkybox":true,"showFlares":true,"showImageEffects":true,"showParticleSystems":true},"in2DMode":false,"pivot":{"x":501.58221435546877,"y":88.35400390625,"z":135.6119384765625},"rotation":{"x":-0.04286811873316765,"y":0.9460410475730896,"z":-0.1403779685497284,"w":-0.28889918327331545},"size":1039.2960205078125,"orthographic":false}